DateTime,DATE,TIME,CO,CO2,CH4,ND,CO_SD,CO2_SD,CH4_SD,F
2022-01-01,2022-01-01,00:00,-9999999.9,-9999999.9,-9999999.9,0,-999.99,-999.99,-999.99,2
2022-01-02,2022-01-02,00:00,-9999999.9,-9999999.9,-9999999.9,0,-999.99,-999.99,-999.99,2
2022-01-03,2022-01-03,00:00,-9999999.9,-9999999.9,-9999999.9,0,-999.99,-999.99,-999.99,2
2022-01-04,2022-01-04,00:00,40.61,412.21,1843.75,23,0.9,0.41,0.19,0
2022-01-05,2022-01-05,00:00,48.2,414.91,1859.53,23,12.23,4.52,37.23,1
2022-01-06,2022-01-06,00:00,49.63,417.47,1853.25,24,15.51,7.26,29.88,1
2022-01-07,2022-01-07,00:00,48.29,418.02,1865.77,23,9.27,8.29,35.14,1
2022-01-08,2022-01-08,00:00,41.73,412.42,1841.85,16,0.45,0.99,0.55,0
2022-01-09,2022-01-09,00:00,41.09,412.46,1842.91,20,0.5,1.1,0.97,0
2022-01-10,2022-01-10,00:00,39.93,413.18,1844.42,23,2.95,1.16,3.76,1
2022-01-11,2022-01-11,00:00,40.83,411.82,1841.72,23,0.67,0.31,0.27,0
2022-01-12,2022-01-12,00:00,44.91,413.88,1851.03,23,11.04,2.68,19.61,1
2022-01-13,2022-01-13,00:00,46.99,415.9,1864.51,23,12.36,6.98,47.45,1
2022-01-14,2022-01-14,00:00,40.1,412.19,1840.88,16,0.29,0.86,0.55,0
2022-01-15,2022-01-15,00:00,55.95,417.27,1878.72,23,26.1,7.89,58.76,1
2022-01-16,2022-01-16,00:00,39.45,412.27,1841.06,23,0.65,0.62,0.42,1
2022-01-17,2022-01-17,00:00,38.19,412.18,1840.32,23,0.54,0.73,0.31,0
2022-01-18,2022-01-18,00:00,37.46,412.66,1838.21,23,0.91,0.26,0.71,0
2022-01-19,2022-01-19,00:00,35.63,412.5,1836.74,23,0.62,1.39,0.58,0
2022-01-20,2022-01-20,00:00,60.77,423.77,1891.05,23,33.18,15.31,79.67,1
2022-01-21,2022-01-21,00:00,42.22,422.41,1847.13,24,4.56,10.07,9.08,1
2022-01-22,2022-01-22,00:00,37.22,414.11,1840.72,23,3.46,3.07,5.07,1
2022-01-23,2022-01-23,00:00,38.67,414.72,1846.25,23,4.34,3.34,11.25,1
2022-01-24,2022-01-24,00:00,38.28,412.34,1837.18,19,0.6,0.33,0.31,0
2022-01-25,2022-01-25,00:00,37.11,412.17,1837.25,23,0.83,0.72,0.3,0
2022-01-26,2022-01-26,00:00,34.51,412.21,1836.7,18,0.4,0.37,0.81,0
2022-01-27,2022-01-27,00:00,35.78,412.69,1834.2,24,0.79,0.72,0.2,0
2022-01-28,2022-01-28,00:00,38.47,414.87,1837.85,23,4.6,3.96,5.81,1
2022-01-29,2022-01-29,00:00,46.49,417.44,1845.18,23,10.82,5.39,12.05,1
2022-01-30,2022-01-30,00:00,33.73,412.22,1836.63,18,0.23,1.13,0.25,0
2022-01-31,2022-01-31,00:00,37.28,412.43,1836.87,19,1.38,0.54,0.18,0
2022-02-01,2022-02-01,00:00,38.34,412.23,1836.82,23,0.91,0.56,0.27,0
2022-02-02,2022-02-02,00:00,36.76,412.13,1836.67,23,1.32,0.35,0.22,0
2022-02-03,2022-02-03,00:00,31.87,412.3,1837.04,23,0.53,1.11,0.54,0
2022-02-04,2022-02-04,00:00,29.75,412.35,1836.73,20,0.28,1.25,0.32,0
2022-02-05,2022-02-05,00:00,44.68,415.69,1854.32,24,17.21,5.12,29.39,1
2022-02-06,2022-02-06,00:00,47.94,422.02,1876.81,23,23.08,11.4,64.19,1
2022-02-07,2022-02-07,00:00,38.02,415.13,1846.75,23,5.42,3.24,12.58,1
2022-02-08,2022-02-08,00:00,29.36,412.66,1836.69,18,0.86,1.66,1.44,0
2022-02-09,2022-02-09,00:00,42.27,415.09,1855.26,24,28.03,5.21,39.35,1
2022-02-10,2022-02-10,00:00,33.12,413.0,1837.38,23,2.29,1.1,2.28,1
2022-02-11,2022-02-11,00:00,37.27,414.11,1844.5,23,10.99,3.52,14.47,1
2022-02-12,2022-02-12,00:00,32.01,412.77,1835.83,21,2.69,0.94,1.08,0
2022-02-13,2022-02-13,00:00,41.06,415.58,1847.76,16,11.6,3.04,19.12,1
2022-02-14,2022-02-14,00:00,-9999999.9,-9999999.9,-9999999.9,0,-999.99,-999.99,-999.99,2
2022-02-15,2022-02-15,00:00,33.11,412.96,1837.12,16,1.3,1.56,4.37,0
2022-02-16,2022-02-16,00:00,42.72,414.77,1851.19,24,9.39,4.36,20.42,1
2022-02-17,2022-02-17,00:00,38.08,414.62,1841.47,23,5.07,1.89,12.53,1
2022-02-18,2022-02-18,00:00,33.86,412.82,1835.19,21,1.45,1.28,0.69,0
2022-02-19,2022-02-19,00:00,31.04,412.65,1835.53,24,0.49,1.67,2.55,1
2022-02-20,2022-02-20,00:00,38.64,418.49,1856.03,23,14.84,8.92,44.57,1
2022-02-21,2022-02-21,00:00,42.07,420.64,1871.57,23,16.66,9.89,63.76,1
2022-02-22,2022-02-22,00:00,31.84,413.49,1835.54,24,0.93,0.96,0.67,0
2022-02-23,2022-02-23,00:00,37.81,419.18,1862.33,23,10.57,9.36,48.97,1
2022-02-24,2022-02-24,00:00,47.04,417.19,1859.37,23,21.04,4.24,33.62,1
2022-02-25,2022-02-25,00:00,38.17,419.79,1847.74,24,5.7,7.29,14.79,1
2022-02-26,2022-02-26,00:00,45.1,420.04,1873.97,23,16.98,10.08,60.33,1
2022-02-27,2022-02-27,00:00,37.65,413.43,1838.81,23,8.18,1.63,6.08,1
2022-02-28,2022-02-28,00:00,34.35,412.43,1835.29,17,0.43,1.15,0.47,0
2022-03-01,2022-03-01,00:00,40.4,414.13,1848.67,23,27.26,4.23,42.6,1
2022-03-02,2022-03-02,00:00,54.4,422.14,1877.44,22,19.83,9.89,57.8,1
2022-03-03,2022-03-03,00:00,45.2,417.56,1861.42,24,14.93,5.06,28.68,1
2022-03-04,2022-03-04,00:00,42.22,415.73,1854.77,23,18.47,4.0,31.06,1
2022-03-05,2022-03-05,00:00,33.81,412.65,1834.89,23,0.26,0.84,0.6,0
2022-03-06,2022-03-06,00:00,35.21,413.16,1836.85,24,4.71,1.75,8.12,1
2022-03-07,2022-03-07,00:00,43.6,418.54,1854.24,23,12.7,7.25,26.08,1
2022-03-08,2022-03-08,00:00,39.03,414.35,1851.47,23,10.09,2.42,11.99,1
2022-03-09,2022-03-09,00:00,33.29,413.24,1836.71,24,1.0,1.16,0.93,0
2022-03-10,2022-03-10,00:00,30.42,412.79,1836.68,23,2.36,1.18,2.75,1
2022-03-11,2022-03-11,00:00,34.89,413.92,1841.47,23,9.9,1.93,8.39,1
2022-03-12,2022-03-12,00:00,42.4,417.4,1860.8,24,12.61,6.93,32.71,1
2022-03-13,2022-03-13,00:00,34.52,413.82,1839.15,23,4.51,1.18,4.22,1
2022-03-14,2022-03-14,00:00,-9999999.9,-9999999.9,-9999999.9,0,-999.99,-999.99,-999.99,2
2022-03-15,2022-03-15,00:00,-9999999.9,-9999999.9,-9999999.9,0,-999.99,-999.99,-999.99,2
2022-03-16,2022-03-16,00:00,39.28,414.59,1841.45,23,16.19,2.5,12.13,1
2022-03-17,2022-03-17,00:00,33.93,413.54,1836.02,17,0.16,1.11,0.74,0
2022-03-18,2022-03-18,00:00,33.99,412.59,1835.62,23,0.4,0.69,0.35,0
2022-03-19,2022-03-19,00:00,70.39,425.59,1923.04,23,34.21,12.98,93.88,1
2022-03-20,2022-03-20,00:00,39.33,413.98,1847.01,23,3.45,1.56,7.36,1
2022-03-21,2022-03-21,00:00,45.04,416.91,1868.71,23,11.42,4.29,36.77,1
2022-03-22,2022-03-22,00:00,36.94,415.66,1847.62,23,6.06,3.04,11.29,1
2022-03-23,2022-03-23,00:00,35.64,413.4,1837.45,23,2.65,0.65,1.6,1
2022-03-24,2022-03-24,00:00,36.88,413.78,1842.93,23,7.69,1.27,10.56,1
2022-03-25,2022-03-25,00:00,42.44,414.53,1847.48,23,14.16,2.13,14.09,1
2022-03-26,2022-03-26,00:00,37.41,414.94,1844.45,23,0.9,1.21,2.19,1
2022-03-27,2022-03-27,00:00,42.76,416.1,1855.8,23,15.76,4.45,34.32,1
2022-03-28,2022-03-28,00:00,64.33,422.95,1898.02,23,37.87,9.7,65.99,1
2022-03-29,2022-03-29,00:00,34.8,412.96,1837.9,21,0.39,0.58,0.56,0
2022-03-30,2022-03-30,00:00,38.16,413.42,1841.67,22,5.37,0.88,5.19,1
2022-03-31,2022-03-31,00:00,45.71,415.81,1854.24,23,13.2,3.64,20.22,1
2022-04-01,2022-04-01,00:00,41.42,414.84,1846.01,24,17.4,2.88,17.94,1
2022-04-02,2022-04-02,00:00,107.92,430.35,1953.56,23,73.26,14.01,96.83,1
2022-04-03,2022-04-03,00:00,57.66,417.92,1868.14,23,51.42,7.32,51.2,1
2022-04-04,2022-04-04,00:00,30.46,413.42,1839.5,21,0.93,0.84,1.72,0
2022-04-05,2022-04-05,00:00,31.34,413.28,1839.07,23,1.11,0.45,0.43,0
2022-04-06,2022-04-06,00:00,35.29,413.16,1840.46,23,0.93,0.35,0.64,0
2022-04-07,2022-04-07,00:00,49.86,417.95,1865.49,24,22.78,7.22,39.31,1
2022-04-08,2022-04-08,00:00,101.85,431.81,1966.45,23,71.13,16.24,130.02,1
2022-04-09,2022-04-09,00:00,113.31,430.85,1958.28,23,66.38,11.35,84.16,1
2022-04-10,2022-04-10,00:00,56.59,415.91,1859.96,24,61.97,6.83,45.23,1
2022-04-11,2022-04-11,00:00,53.74,419.56,1879.47,24,22.01,6.21,46.87,1
2022-04-12,2022-04-12,00:00,40.02,415.46,1853.76,23,16.35,3.48,26.16,1
2022-04-13,2022-04-13,00:00,37.33,413.72,1846.12,16,4.18,0.56,5.82,0
2022-04-14,2022-04-14,00:00,54.62,417.34,1869.17,24,34.17,6.51,42.14,1
2022-04-15,2022-04-15,00:00,103.09,431.63,1961.1,22,55.9,12.22,94.85,1
2022-04-16,2022-04-16,00:00,36.12,413.36,1842.08,19,0.6,0.35,0.41,0
2022-04-17,2022-04-17,00:00,59.34,417.98,1869.65,24,38.16,6.14,39.28,1
2022-04-18,2022-04-18,00:00,65.11,422.1,1885.23,23,34.55,7.63,47.92,1
2022-04-19,2022-04-19,00:00,55.1,418.27,1871.83,23,22.54,4.4,33.77,1
2022-04-20,2022-04-20,00:00,52.91,420.26,1878.92,24,24.87,6.63,48.05,1
2022-04-21,2022-04-21,00:00,36.41,413.68,1844.79,23,0.53,0.44,0.97,0
2022-04-22,2022-04-22,00:00,68.58,424.05,1904.3,23,27.97,7.79,54.49,1
2022-04-23,2022-04-23,00:00,69.84,422.18,1931.61,24,36.28,7.34,65.52,1
2022-04-24,2022-04-24,00:00,104.97,428.09,1957.92,23,78.43,12.45,93.3,1
2022-04-25,2022-04-25,00:00,84.15,428.17,1939.81,23,56.64,13.96,99.29,1
2022-04-26,2022-04-26,00:00,59.31,423.99,1903.02,24,40.45,13.56,97.04,1
2022-04-27,2022-04-27,00:00,35.01,413.75,1845.03,18,0.81,0.39,0.74,0
2022-04-28,2022-04-28,00:00,36.59,413.44,1845.9,23,1.58,0.18,2.14,0
2022-04-29,2022-04-29,00:00,39.25,413.44,1846.76,24,0.82,0.34,2.03,0
2022-04-30,2022-04-30,00:00,105.31,429.66,1941.86,22,73.13,12.58,94.0,1
2022-05-01,2022-05-01,00:00,60.83,417.18,1870.5,23,35.02,4.82,28.58,1
2022-05-02,2022-05-02,00:00,62.34,419.9,1890.7,24,46.32,8.53,60.59,1
2022-05-03,2022-05-03,00:00,42.59,416.64,1863.76,23,10.91,3.04,21.55,1
2022-05-04,2022-05-04,00:00,53.32,417.23,1871.54,23,33.79,5.29,37.37,1
2022-05-05,2022-05-05,00:00,49.84,417.52,1874.39,24,17.87,4.47,29.57,1
2022-05-06,2022-05-06,00:00,53.84,417.26,1868.96,23,26.46,4.48,28.69,1
2022-05-07,2022-05-07,00:00,44.83,416.61,1870.41,23,7.38,2.15,18.55,1
2022-05-08,2022-05-08,00:00,37.36,414.3,1853.57,16,4.97,0.91,5.7,0
2022-05-09,2022-05-09,00:00,40.86,414.65,1856.79,19,4.36,1.42,9.36,0
2022-05-10,2022-05-10,00:00,91.23,426.05,1922.83,23,47.8,8.57,60.77,1
2022-05-11,2022-05-11,00:00,52.85,416.28,1867.68,24,6.66,1.57,4.98,1
2022-05-12,2022-05-12,00:00,44.29,416.35,1858.19,23,2.98,1.35,5.91,1
2022-05-13,2022-05-13,00:00,62.63,425.76,1908.96,23,15.82,8.06,53.08,1
2022-05-14,2022-05-14,00:00,79.86,426.68,1918.56,24,32.65,8.57,60.56,1
2022-05-15,2022-05-15,00:00,89.82,426.57,1929.03,22,48.2,11.49,82.25,1
2022-05-16,2022-05-16,00:00,48.48,415.97,1866.07,23,8.65,2.0,14.29,1
2022-05-17,2022-05-17,00:00,61.5,420.17,1884.23,23,23.96,6.07,41.04,1
2022-05-18,2022-05-18,00:00,109.62,430.1,1966.81,23,78.0,12.78,101.52,1
2022-05-19,2022-05-19,00:00,125.04,434.97,1981.41,23,58.48,10.87,129.59,1
2022-05-20,2022-05-20,00:00,62.51,419.51,1892.98,23,22.35,5.94,40.3,1
2022-05-21,2022-05-21,00:00,76.28,420.31,1896.29,23,47.81,7.48,57.58,1
2022-05-22,2022-05-22,00:00,121.72,428.91,1958.55,23,59.77,7.54,56.16,1
2022-05-23,2022-05-23,00:00,141.58,432.24,1973.03,23,72.71,9.24,64.99,1
2022-05-24,2022-05-24,00:00,40.68,415.12,1852.5,23,2.98,1.05,2.49,0
2022-05-25,2022-05-25,00:00,42.53,413.88,1854.13,23,0.98,0.13,0.6,0
2022-05-26,2022-05-26,00:00,43.73,414.09,1853.66,23,0.37,0.65,0.93,0
2022-05-27,2022-05-27,00:00,44.48,413.98,1854.35,23,1.12,0.34,1.56,0
2022-05-28,2022-05-28,00:00,44.87,413.92,1854.48,23,0.4,0.13,0.79,0
2022-05-29,2022-05-29,00:00,46.49,413.98,1857.19,23,0.38,0.08,0.82,0
2022-05-30,2022-05-30,00:00,45.02,414.12,1856.87,22,1.14,0.15,0.84,0
2022-05-31,2022-05-31,00:00,41.66,414.4,1857.98,24,0.36,0.21,0.12,0
2022-06-01,2022-06-01,00:00,87.53,424.92,1922.86,23,54.36,8.16,58.06,1
2022-06-02,2022-06-02,00:00,149.9,433.58,1991.22,23,66.36,10.17,79.23,1
2022-06-03,2022-06-03,00:00,63.74,418.65,1888.39,24,41.47,6.93,48.56,1
2022-06-04,2022-06-04,00:00,48.69,415.59,1865.9,23,15.2,2.15,14.51,1
2022-06-05,2022-06-05,00:00,45.23,415.26,1865.93,23,3.95,0.93,6.49,1
2022-06-06,2022-06-06,00:00,48.27,415.33,1865.12,24,11.92,1.77,10.58,1
2022-06-07,2022-06-07,00:00,46.22,415.42,1865.19,23,5.18,0.67,4.16,1
2022-06-08,2022-06-08,00:00,46.57,416.34,1870.55,23,8.5,2.58,13.5,1
2022-06-09,2022-06-09,00:00,43.32,414.21,1857.01,21,1.87,0.11,0.7,0
2022-06-10,2022-06-10,00:00,69.34,419.52,1890.79,24,45.18,7.35,46.34,1
2022-06-11,2022-06-11,00:00,79.71,425.19,1922.6,23,34.13,8.15,64.49,1
2022-06-12,2022-06-12,00:00,58.36,420.09,1887.96,23,25.19,6.63,44.74,1
2022-06-13,2022-06-13,00:00,69.34,421.91,1903.36,24,34.71,8.19,53.13,1
2022-06-14,2022-06-14,00:00,86.59,420.85,1891.63,21,55.88,6.89,39.79,1
2022-06-15,2022-06-15,00:00,99.26,425.03,1927.7,23,55.07,7.48,49.35,1
2022-06-16,2022-06-16,00:00,47.42,415.76,1870.71,23,13.68,2.07,16.03,1
2022-06-17,2022-06-17,00:00,49.39,416.63,1874.95,23,16.04,3.69,26.57,1
2022-06-18,2022-06-18,00:00,39.95,414.64,1860.06,18,0.21,0.25,0.22,0
2022-06-19,2022-06-19,00:00,100.74,426.09,1937.18,23,59.15,9.9,70.97,1
2022-06-20,2022-06-20,00:00,52.72,416.35,1870.89,23,26.97,4.65,26.37,1
2022-06-21,2022-06-21,00:00,43.6,414.27,1860.95,23,0.34,0.17,0.36,0
2022-06-22,2022-06-22,00:00,44.01,414.32,1862.09,23,0.24,0.14,0.87,0
2022-06-23,2022-06-23,00:00,44.81,414.29,1862.16,23,0.46,0.17,0.81,0
2022-06-24,2022-06-24,00:00,45.58,414.46,1864.44,23,0.64,0.12,0.78,0
2022-06-25,2022-06-25,00:00,100.8,423.24,1915.13,19,64.76,7.39,47.03,1
2022-06-26,2022-06-26,00:00,59.41,418.12,1893.99,22,13.95,3.54,35.11,1
2022-06-27,2022-06-27,00:00,81.79,420.23,1900.8,23,49.68,6.88,48.31,1
2022-06-28,2022-06-28,00:00,68.47,418.85,1895.49,23,32.49,5.02,36.63,1
2022-06-29,2022-06-29,00:00,92.1,423.69,1915.32,23,56.38,8.42,52.77,1
2022-06-30,2022-06-30,00:00,181.57,436.79,2000.13,21,77.69,9.15,65.29,1
2022-07-01,2022-07-01,00:00,155.56,433.99,1987.77,23,62.52,9.46,63.64,1
2022-07-02,2022-07-02,00:00,60.74,417.31,1886.19,23,15.57,2.23,14.97,1
2022-07-03,2022-07-03,00:00,96.17,423.12,1928.0,24,68.2,9.26,60.83,1
2022-07-04,2022-07-04,00:00,87.88,426.97,1954.06,23,41.75,11.38,94.98,1
2022-07-05,2022-07-05,00:00,100.78,424.83,1917.61,23,48.66,7.05,41.65,1
2022-07-06,2022-07-06,00:00,195.63,442.42,2049.75,24,93.18,13.27,110.73,1
2022-07-07,2022-07-07,00:00,123.71,429.41,1955.35,23,57.22,9.34,63.87,1
2022-07-08,2022-07-08,00:00,160.2,433.7,1987.33,23,91.7,12.19,81.74,1
2022-07-09,2022-07-09,00:00,46.35,414.8,1864.97,24,1.52,0.44,1.15,0
2022-07-10,2022-07-10,00:00,50.04,414.65,1864.99,18,1.34,0.08,0.41,0
2022-07-11,2022-07-11,00:00,113.06,426.86,1950.69,23,74.63,11.82,79.42,1
2022-07-12,2022-07-12,00:00,49.67,415.69,1873.4,24,4.38,0.79,6.55,1
2022-07-13,2022-07-13,00:00,73.05,417.83,1892.98,23,41.09,5.15,39.92,1
2022-07-14,2022-07-14,00:00,182.22,437.87,2009.8,23,115.04,15.8,106.22,1
2022-07-15,2022-07-15,00:00,155.29,435.25,2009.72,24,97.98,17.74,126.62,1
2022-07-16,2022-07-16,00:00,54.89,416.27,1878.64,23,9.51,1.18,7.49,1
2022-07-17,2022-07-17,00:00,61.05,417.12,1886.68,19,9.63,1.58,12.23,1
2022-07-18,2022-07-18,00:00,76.25,420.71,1912.08,22,30.99,6.54,51.15,1
2022-07-19,2022-07-19,00:00,75.45,419.95,1911.25,24,40.81,8.31,67.77,1
2022-07-20,2022-07-20,00:00,48.67,415.4,1870.84,19,2.6,0.59,3.25,0
2022-07-21,2022-07-21,00:00,45.78,415.02,1868.84,21,0.53,0.28,0.61,0
2022-07-22,2022-07-22,00:00,48.64,414.84,1869.91,24,2.04,0.07,1.15,0
2022-07-23,2022-07-23,00:00,52.62,415.01,1870.34,21,1.5,0.23,1.29,0
2022-07-24,2022-07-24,00:00,94.85,421.73,1910.26,23,58.88,7.5,48.31,1
2022-07-25,2022-07-25,00:00,84.26,421.27,1913.83,24,47.85,7.48,51.25,1
2022-07-26,2022-07-26,00:00,98.67,423.98,1924.03,23,32.68,5.52,36.29,1
2022-07-27,2022-07-27,00:00,98.56,424.65,1937.11,23,46.2,7.6,50.91,1
2022-07-28,2022-07-28,00:00,60.21,417.52,1892.03,24,22.04,4.37,33.45,1
2022-07-29,2022-07-29,00:00,60.97,417.26,1884.96,23,22.38,3.38,19.78,1
2022-07-30,2022-07-30,00:00,52.38,415.15,1875.57,19,0.93,0.16,0.67,0
2022-07-31,2022-07-31,00:00,56.33,415.74,1876.52,24,5.86,1.07,6.67,1
2022-08-01,2022-08-01,00:00,81.95,422.67,1917.19,23,28.98,4.92,44.97,1
2022-08-02,2022-08-02,00:00,53.37,415.94,1876.61,22,4.0,0.7,5.26,1
2022-08-03,2022-08-03,00:00,122.19,428.87,1957.41,24,71.77,10.61,69.24,1
2022-08-04,2022-08-04,00:00,131.2,431.16,1989.06,24,57.2,10.38,74.6,1
2022-08-05,2022-08-05,00:00,96.75,425.21,1930.58,23,59.66,11.59,69.31,1
2022-08-06,2022-08-06,00:00,206.3,446.55,2091.24,23,121.19,18.14,136.69,1
2022-08-07,2022-08-07,00:00,170.65,435.58,2017.06,24,100.28,14.34,107.29,1
2022-08-08,2022-08-08,00:00,83.01,421.29,1923.59,23,27.41,6.22,50.63,1
2022-08-09,2022-08-09,00:00,91.22,421.41,1927.74,23,44.87,6.55,53.86,1
2022-08-10,2022-08-10,00:00,64.52,419.42,1896.33,24,9.21,2.97,18.14,1
2022-08-11,2022-08-11,00:00,98.21,425.81,1940.88,23,62.13,10.19,82.02,1
2022-08-12,2022-08-12,00:00,96.04,424.06,1938.75,23,70.14,10.72,79.02,1
2022-08-13,2022-08-13,00:00,57.84,417.96,1888.93,24,13.78,3.49,24.72,1
2022-08-14,2022-08-14,00:00,50.08,415.99,1876.55,16,1.42,0.71,1.93,0
2022-08-15,2022-08-15,00:00,75.48,420.67,1911.61,23,33.73,5.53,44.04,1
2022-08-16,2022-08-16,00:00,109.64,427.5,1967.72,24,54.92,9.41,71.22,1
2022-08-17,2022-08-17,00:00,84.02,420.65,1903.77,23,43.74,6.06,38.24,1
2022-08-18,2022-08-18,00:00,55.82,416.66,1880.65,22,8.73,1.17,6.78,1
2022-08-19,2022-08-19,00:00,48.18,415.41,1874.36,17,1.89,0.18,1.01,0
2022-08-20,2022-08-20,00:00,77.24,420.74,1903.92,23,26.96,4.58,25.7,1
2022-08-21,2022-08-21,00:00,61.62,417.33,1887.44,23,23.56,3.13,18.64,1
2022-08-22,2022-08-22,00:00,109.97,427.67,1952.96,24,51.44,9.21,67.06,1
2022-08-23,2022-08-23,00:00,75.93,421.37,1918.5,23,35.46,8.52,64.42,1
2022-08-24,2022-08-24,00:00,57.85,417.72,1891.86,23,16.15,3.33,27.17,1
2022-08-25,2022-08-25,00:00,50.41,416.08,1880.31,24,4.66,0.84,5.51,1
2022-08-26,2022-08-26,00:00,47.3,415.58,1875.53,16,0.56,0.14,0.42,0
2022-08-27,2022-08-27,00:00,50.15,415.5,1875.83,23,3.91,0.37,2.37,0
2022-08-28,2022-08-28,00:00,67.72,418.72,1897.3,24,31.36,5.48,34.54,1
2022-08-29,2022-08-29,00:00,116.2,427.24,1954.65,23,74.54,9.72,67.79,1
2022-08-30,2022-08-30,00:00,95.51,425.7,1930.04,23,64.82,10.61,66.26,1
2022-08-31,2022-08-31,00:00,59.22,418.1,1888.27,24,8.67,2.34,11.96,1
2022-09-01,2022-09-01,00:00,64.51,419.78,1905.71,23,21.4,7.62,58.07,1
2022-09-02,2022-09-02,00:00,63.1,418.38,1899.6,22,12.39,3.74,33.98,1
2022-09-03,2022-09-03,00:00,56.48,416.79,1882.45,23,5.11,1.37,7.01,1
2022-09-04,2022-09-04,00:00,94.72,423.17,1923.91,23,53.95,8.23,54.05,1
2022-09-05,2022-09-05,00:00,48.08,415.57,1878.25,16,1.28,0.49,2.1,0
2022-09-06,2022-09-06,00:00,49.95,415.79,1876.56,23,1.14,0.36,0.89,0
2022-09-07,2022-09-07,00:00,65.45,419.66,1898.09,23,17.75,5.08,34.52,1
2022-09-08,2022-09-08,00:00,94.48,426.27,1948.99,23,45.63,9.95,74.58,1
2022-09-09,2022-09-09,00:00,64.87,417.94,1896.19,23,18.08,3.46,21.97,1
2022-09-10,2022-09-10,00:00,52.39,415.45,1877.6,16,0.51,0.34,0.61,0
2022-09-11,2022-09-11,00:00,89.1,421.52,1919.03,23,57.0,8.34,61.25,1
2022-09-12,2022-09-12,00:00,75.27,420.7,1908.53,23,22.0,5.13,30.52,1
2022-09-13,2022-09-13,00:00,83.25,420.98,1919.29,23,61.6,9.57,64.54,1
2022-09-14,2022-09-14,00:00,77.11,422.08,1919.14,23,38.23,8.64,56.89,1
2022-09-15,2022-09-15,00:00,49.32,416.14,1882.26,23,2.1,0.67,3.66,1
2022-09-16,2022-09-16,00:00,55.46,417.15,1884.79,23,10.65,2.52,12.5,1
2022-09-17,2022-09-17,00:00,52.66,415.65,1879.21,18,3.58,0.82,4.55,0
2022-09-18,2022-09-18,00:00,56.34,417.48,1886.87,22,8.69,2.87,14.42,1
2022-09-19,2022-09-19,00:00,141.64,436.33,2029.82,24,80.24,17.1,126.86,1
2022-09-20,2022-09-20,00:00,70.24,422.33,1923.67,23,17.77,7.36,61.78,1
2022-09-21,2022-09-21,00:00,61.06,416.65,1887.02,23,5.38,1.04,7.33,1
2022-09-22,2022-09-22,00:00,62.19,417.01,1888.41,24,6.54,1.73,10.5,1
2022-09-23,2022-09-23,00:00,57.49,416.18,1883.28,23,3.39,0.58,5.64,1
2022-09-24,2022-09-24,00:00,54.6,415.59,1877.94,16,0.48,0.26,0.62,0
2022-09-25,2022-09-25,00:00,62.72,417.12,1889.13,24,15.15,2.11,12.04,1
2022-09-26,2022-09-26,00:00,55.44,416.73,1893.01,23,9.4,2.68,27.33,1
2022-09-27,2022-09-27,00:00,56.91,415.36,1878.94,17,2.68,0.75,4.21,0
2022-09-28,2022-09-28,00:00,76.18,420.95,1908.52,24,22.62,6.12,39.55,1
2022-09-29,2022-09-29,00:00,58.1,416.03,1882.18,23,1.05,0.84,4.52,1
2022-09-30,2022-09-30,00:00,84.05,422.83,1923.94,23,30.87,7.93,51.41,1
2022-10-01,2022-10-01,00:00,54.25,415.42,1877.64,18,0.64,0.39,0.8,0
2022-10-02,2022-10-02,00:00,62.77,418.66,1894.09,23,11.22,4.34,26.81,1
2022-10-03,2022-10-03,00:00,84.25,425.32,1943.1,22,30.66,7.95,71.96,1
2022-10-04,2022-10-04,00:00,83.76,428.45,1944.26,24,41.05,12.95,94.83,1
2022-10-05,2022-10-05,00:00,60.21,418.54,1896.24,24,12.94,5.63,39.09,1
2022-10-06,2022-10-06,00:00,59.4,417.44,1887.92,23,17.33,3.94,24.56,1
2022-10-07,2022-10-07,00:00,63.04,419.1,1903.36,23,18.66,5.72,49.02,1
2022-10-08,2022-10-08,00:00,68.15,420.24,1908.24,24,24.82,6.64,42.91,1
2022-10-09,2022-10-09,00:00,50.98,415.32,1877.73,18,0.73,0.49,0.45,0
2022-10-10,2022-10-10,00:00,53.75,416.0,1879.76,23,5.23,1.17,4.66,1
2022-10-11,2022-10-11,00:00,63.08,418.46,1893.07,24,24.4,4.49,21.0,1
2022-10-12,2022-10-12,00:00,58.63,418.14,1895.55,23,35.19,5.38,44.09,1
2022-10-13,2022-10-13,00:00,50.36,415.4,1876.97,20,0.35,0.4,0.35,0
2022-10-14,2022-10-14,00:00,59.02,417.08,1889.71,24,10.12,3.47,23.61,1
2022-10-15,2022-10-15,00:00,48.86,415.27,1876.33,20,1.77,0.3,1.67,0
2022-10-16,2022-10-16,00:00,73.73,417.63,1896.73,23,27.36,3.53,22.02,1
2022-10-17,2022-10-17,00:00,75.4,418.99,1900.89,24,36.52,4.9,35.79,1
2022-10-18,2022-10-18,00:00,53.22,416.21,1877.31,16,1.16,1.95,1.67,0
2022-10-19,2022-10-19,00:00,61.56,419.21,1901.23,22,16.27,5.71,35.49,1
2022-10-20,2022-10-20,00:00,49.75,415.43,1876.19,20,0.27,0.48,0.92,0
2022-10-21,2022-10-21,00:00,55.83,416.77,1887.78,23,10.08,2.96,18.79,1
2022-10-22,2022-10-22,00:00,50.61,415.28,1878.17,23,2.72,1.24,4.07,1
2022-10-23,2022-10-23,00:00,53.71,416.48,1880.32,23,3.65,1.53,4.44,1
2022-10-24,2022-10-24,00:00,66.98,419.02,1900.23,23,36.1,7.4,52.86,1
2022-10-25,2022-10-25,00:00,55.09,416.23,1883.23,23,5.43,1.87,9.11,1
2022-10-26,2022-10-26,00:00,54.73,416.93,1888.9,23,10.36,3.07,21.57,1
2022-10-27,2022-10-27,00:00,48.09,415.75,1880.23,23,1.75,1.1,4.61,1
2022-10-28,2022-10-28,00:00,44.76,415.37,1876.25,18,0.75,0.51,0.16,0
2022-10-29,2022-10-29,00:00,45.06,415.71,1875.81,17,1.75,0.74,1.88,0
2022-10-30,2022-10-30,00:00,48.85,415.27,1875.15,23,0.37,0.32,0.61,0
2022-10-31,2022-10-31,00:00,56.67,418.25,1895.59,23,15.22,7.01,46.66,1
2022-11-01,2022-11-01,00:00,48.35,415.28,1875.46,23,2.15,0.63,1.56,0
2022-11-02,2022-11-02,00:00,64.12,422.04,1914.11,23,25.28,9.9,68.72,1
2022-11-03,2022-11-03,00:00,53.59,417.85,1888.75,23,8.01,5.07,24.1,1
2022-11-04,2022-11-04,00:00,49.32,415.35,1874.3,16,1.56,1.09,1.44,0
2022-11-05,2022-11-05,00:00,59.08,419.73,1895.0,23,15.29,5.58,37.9,1
2022-11-06,2022-11-06,00:00,56.93,416.7,1879.45,24,14.62,3.13,10.8,1
2022-11-07,2022-11-07,00:00,68.54,422.88,1918.36,23,21.78,10.15,58.73,1
2022-11-08,2022-11-08,00:00,48.0,415.53,1875.79,23,2.0,1.34,2.84,1
2022-11-09,2022-11-09,00:00,47.43,415.19,1873.57,23,2.38,0.59,0.93,0
2022-11-10,2022-11-10,00:00,48.84,418.08,1891.58,23,10.96,5.97,35.11,1
2022-11-11,2022-11-11,00:00,43.86,414.86,1874.13,17,0.76,1.03,0.78,0
2022-11-12,2022-11-12,00:00,55.76,421.11,1901.87,24,15.43,9.33,48.34,1
2022-11-13,2022-11-13,00:00,52.7,415.5,1882.05,23,3.1,1.02,6.89,1
2022-11-14,2022-11-14,00:00,55.37,416.54,1888.84,23,6.25,4.55,24.07,1
2022-11-15,2022-11-15,00:00,57.49,417.59,1890.88,24,11.46,3.94,28.54,1
2022-11-16,2022-11-16,00:00,47.72,416.19,1878.43,23,3.1,2.42,8.93,1
2022-11-17,2022-11-17,00:00,51.19,416.04,1881.15,23,7.01,2.04,19.03,1
2022-11-18,2022-11-18,00:00,49.16,415.43,1876.19,23,2.15,1.26,1.94,1
2022-11-19,2022-11-19,00:00,44.42,415.52,1873.76,23,1.32,1.09,1.64,1
2022-11-20,2022-11-20,00:00,46.62,415.67,1876.52,23,3.82,2.1,9.96,1
2022-11-21,2022-11-21,00:00,53.71,416.84,1883.79,24,17.84,5.12,28.21,1
2022-11-22,2022-11-22,00:00,54.89,417.73,1893.04,23,15.96,6.0,53.67,1
2022-11-23,2022-11-23,00:00,46.54,416.05,1877.98,23,4.57,2.31,13.03,1
2022-11-24,2022-11-24,00:00,48.57,416.4,1882.4,24,9.73,4.04,21.88,1
2022-11-25,2022-11-25,00:00,42.58,415.49,1872.72,23,1.17,0.89,2.37,1
2022-11-26,2022-11-26,00:00,41.86,415.21,1871.69,19,2.49,1.18,3.71,0
2022-11-27,2022-11-27,00:00,58.32,420.45,1903.13,24,37.62,10.25,60.84,1
2022-11-28,2022-11-28,00:00,46.46,416.02,1874.01,23,2.62,2.7,6.06,1
2022-11-29,2022-11-29,00:00,42.79,415.08,1869.09,23,0.71,0.47,0.89,0
2022-11-30,2022-11-30,00:00,43.28,415.21,1869.54,20,1.13,0.77,3.19,0
2022-12-01,2022-12-01,00:00,45.21,415.39,1872.49,23,3.27,1.63,3.84,1
2022-12-02,2022-12-02,00:00,43.85,415.69,1870.05,23,1.67,1.49,1.87,1
2022-12-03,2022-12-03,00:00,41.78,415.85,1875.21,23,2.86,2.14,15.54,1
2022-12-04,2022-12-04,00:00,48.7,417.21,1885.56,23,12.85,4.4,25.96,1
2022-12-05,2022-12-05,00:00,39.36,415.04,1867.76,21,1.07,0.73,1.75,0
2022-12-06,2022-12-06,00:00,39.03,414.93,1867.27,20,0.61,0.45,0.41,0
2022-12-07,2022-12-07,00:00,38.72,414.86,1867.09,17,0.82,0.65,0.62,0
2022-12-08,2022-12-08,00:00,36.88,415.59,1866.84,17,0.45,1.06,0.95,0
2022-12-09,2022-12-09,00:00,41.62,415.02,1864.37,17,0.61,1.55,0.36,0
2022-12-10,2022-12-10,00:00,41.36,414.67,1864.66,23,0.31,0.63,0.94,0
2022-12-11,2022-12-11,00:00,40.04,415.18,1863.8,17,0.22,0.57,0.81,0
2022-12-12,2022-12-12,00:00,43.71,415.73,1866.78,24,3.83,2.42,2.61,1
2022-12-13,2022-12-13,00:00,45.86,417.68,1887.09,23,8.51,5.69,40.67,1
2022-12-14,2022-12-14,00:00,48.0,418.18,1884.73,23,14.54,4.94,27.13,1
2022-12-15,2022-12-15,00:00,46.46,418.54,1891.59,24,18.96,7.55,55.14,1
2022-12-16,2022-12-16,00:00,40.12,416.33,1866.24,24,1.78,1.97,3.52,1
2022-12-17,2022-12-17,00:00,39.77,415.17,1866.76,23,2.12,1.56,3.31,1
2022-12-18,2022-12-18,00:00,36.49,414.66,1866.3,23,2.35,1.41,6.4,1
2022-12-19,2022-12-19,00:00,36.97,414.92,1866.27,23,1.77,1.69,4.3,1
2022-12-20,2022-12-20,00:00,36.6,414.43,1863.25,23,1.15,2.03,1.7,1
2022-12-21,2022-12-21,00:00,41.18,415.01,1869.66,23,4.36,2.1,6.59,1
2022-12-22,2022-12-22,00:00,46.81,419.94,1886.62,24,11.0,8.53,42.89,1
2022-12-23,2022-12-23,00:00,37.18,414.38,1864.16,23,2.13,0.65,1.65,0
2022-12-24,2022-12-24,00:00,38.98,417.35,1865.55,23,9.56,3.11,11.34,1
2022-12-25,2022-12-25,00:00,34.88,414.56,1862.61,24,1.3,0.63,1.21,0
2022-12-26,2022-12-26,00:00,38.15,415.85,1865.39,23,3.15,1.77,5.46,1
2022-12-27,2022-12-27,00:00,35.54,414.54,1862.48,23,0.51,0.74,1.9,0
2022-12-28,2022-12-28,00:00,40.75,416.08,1868.93,24,6.83,2.71,14.8,1
2022-12-29,2022-12-29,00:00,37.18,414.72,1860.87,22,0.49,0.43,0.79,0
2022-12-30,2022-12-30,00:00,35.69,414.53,1860.71,21,0.82,0.5,1.5,0
2022-12-31,2022-12-31,00:00,49.29,420.13,1892.62,24,17.44,9.62,59.95,1
